"category","parameter","default.value","overide.value","notes"
"Panel layout","facpan.numcol","3","","Number of columns in the facet_wrap panel grid."
"Panel layout","facpan.wid","1.9","","Width of each facet panel, inches."
"Panel layout","facpan.hgt","1.9","","Height of each facet panel, inches."
"Panel layout","facpan.widyaxe","0.5","","Extra width added for the y-axis label/text when sizing the saved plot, inches."
"Panel layout","facpan.widxaxe","1","","Extra height added for the x-axis label/text when sizing the saved plot, inches."
"Panel layout","panel.spacing.x","5.5","","Horizontal gap between adjacent facet panels, in points. Added 2026-08-27, per Josh ('labels on the Xaxes ... do not appear to be the real dates'): with theme_bw()'s default (~5.5pt) spacing, the rightmost x-axis label of one panel (centered exactly at date.end, per $xaxe.interval) visually overlaps the leftmost label of the next panel (centered at date.start), making both look garbled even though each date is individually correct. First tried raising this to 40pt to add clearance, but since the overall saved figure width is fixed ($plot.width + $ggsave.width.pad, not something that grows with panel-gap width), widening the gaps shrank every panel's own width instead - which then cut off a long facet title ('Eastern small-footed myotis'). Reverted to theme_bw()'s own default ('5.5', a plain value revert - this is a no-op vs. not having the setting at all, kept so it stays available to override later) per Josh's explicit correction ('revert back to the previous plot dimensions'); the label-collision problem is now solved via $axis.text.size instead (see that row below), which needs less horizontal room rather than more."
"Text sizes","plot.title.size","12","","Font size of the plot title (pt)."
"Text sizes","axis.title.size","10","","Font size of both axis titles (pt). CORRECTED 2026-08-27: this note previously claimed the value is 'also reused directly for facet strip text (strip.text)' - verified false (via ggplot2's own get_element_tree() and a rendered test: strip.text inherits from the base 'text' element, not 'title'/axis.title, and is NOT affected by this setting). Facet strip text (e.g. species panel titles) is not independently configurable in the code as written; it always renders at ggplot2's own fixed size (rel(0.8) of theme_bw()'s base_size 11 = 8.8pt)."
"Text sizes","axis.text.size","6","","Font size of the axis tick labels (pt). Reduced from 8 to 6 on 2026-08-27, per Josh ('reduce the size of the labels on the x and y axis until there is no overlap'): with $panel.spacing.x reverted to its original '5.5' (see that row above), smaller tick-label text needs less horizontal room, so the two-line X-axis date labels clear each other at every panel boundary without needing extra panel spacing. Verified by pixel-cropping the rendered panel boundary at several candidate sizes: 8/7/6.5 still show visible character overlap between adjacent panels' date labels; 6 is the first size with a clean, non-overlapping gap."
"Text sizes","legend.text.size","8","","Font size of the legend item labels (pt)."
"Text sizes","legend.title.size","8","","Font size of the legend titles (pt)."
"X-axis (Monitoring Night)","xaxe.labelformat","%b-%d\n%Y","","Date format for x-axis tick labels (R date format codes; \n = line break, giving a two-line label)."
"X-axis (Monitoring Night)","xaxe.interval","5","","Number of labeled dates shown on the x-axis, evenly spaced from $date.start to $date.end (first/last label always exactly date.start/date.end). Changed 2026-08-27, per Josh: previously read as a ggplot2 date_breaks spacing string (""4 days"" = one label every 4 days); Josh's real plot.meta.csv value ($xaxe.interval = 4) was always meant as a COUNT of labels (""only be four labeled dates""), not a day-spacing - this is now a plain number, e.g. 4 or 5."
"X-axis (Monitoring Night)","xaxe.date.buffer.days","1","","Days of padding added on each side of the plotted date range (x-axis limits = date.start - 1 to date.end + 1)."
"X-axis (Monitoring Night)","xaxe.title","Monitoring Night","","X-axis title text (source has a leading blank line before it)."
"Y-axis (Hour of Monitoring)","yaxe.limit.min","12:00","","Y-axis lower limit, as a time-of-day value (Noon, the start of the monitoring night)."
"Y-axis (Hour of Monitoring)","yaxe.limit.max","12:00","","Y-axis upper limit, as a time-of-day value (Noon of the FOLLOWING calendar day, 24 hours after yaxe.limit.min, so the axis spans one full monitoring night)."
"Y-axis (Hour of Monitoring)","yaxe.break.interval","3 hours","","Spacing between y-axis breaks, as a time span."
"Y-axis (Hour of Monitoring)","yaxe.labelformat","%H:%M","","Base 24-hour time format for y-axis break labels (R/POSIXt format codes)."
"Y-axis (Hour of Monitoring)","yaxe.break.labels","Noon;15:00;18:00;21:00;Midnight;03:00;06:00;09:00;Noon","","Labels for the y-axis breaks, in order from yaxe.limit.min to yaxe.limit.max; semicolon-separated. Must have one label per break produced by yaxe.break.interval."
"Y-axis (Hour of Monitoring)","yaxe.title","Hour of Monitoring","","Y-axis title text (source has a leading blank line before it)."
"Reference lines","midnight.linetype","solid","","Line style for the Midnight reference line."
"Reference lines","midnight.color","black","","Line color for the Midnight reference line."
"Reference lines","midnight","short","","How the Midnight reference line is drawn: ""none"" = don't plot it; ""long"" = a single straight line spanning the full panel width, edge to edge; ""short"" = a line connecting each real suntimes date present in suntimes.db, which can fall short of the panel edges if that's narrower than the full date.start-date.end window; ""dots"" = a thin grey dash per real suntimes date present (added 2026-08-27, per Josh; changed from a filled dot to a thin dash later the same day, also per Josh - the setting's value name stays ""dots"" so existing configs aren't broken, colored/sized via $midnight.dots.color/$midnight.dots.size below, not $midnight.color/$midnight.linetype). Overridable per-plot via a $midnight column in aru.metadata.db."
"Reference lines","midnight.dots.color","grey50","","Dot color for the Midnight reference line when $midnight = ""dots"". Separate from $midnight.color so switching to dots doesn't change what ""short""/""long"" look like."
"Reference lines","midnight.dots.size","2.5","","Dash size (geom_point ""size"" units, rendered as shape 45 - a thin ""-"" dash, changed 2026-08-27 from a filled dot) for the Midnight reference line when $midnight = ""dots"". Increased from 1.5 to 2.5 later the same day, per Josh (""make the dashed midnight line thicker, half way towards being as thick as the dusk line"") - verified by pixel-measuring the rendered PNG: the dash's stroke thickness went from ~2.0px to ~3.2px, landing almost exactly halfway to the dusk line's own measured ~4.5px thickness (dusk line itself unchanged)."
"Reference lines","dawn.linetype","dashed","","Line style for the Dawn (sunrise) reference line."
"Reference lines","dawn.color","blue","","Line color for the Dawn (sunrise) reference line."
"Reference lines","dusk.linetype","dashed","","Line style for the Dusk (sunset) reference line."
"Reference lines","dusk.color","red","","Line color for the Dusk (sunset) reference line."
"Reference lines","reference.line.legend.title","","","Shared legend title for the Midnight/Dawn/Dusk linetype legend (blank = no title shown)."
"Detection bars","crossbar.alldetections.fill","gray70","","Fill color for the gray crossbar showing each night's overall earliest-to-latest detection window."
"Detection bars","crossbar.40khzmyo.fill","black","","Fill color for the black crossbar showing the 40kHzMyo detection window."
"Detection bars","crossbar.linewidth","0.2","","Border line width of both crossbars."
"Detection bars","crossbar.fill.legend.title","","","Legend title for the crossbar fill legend (blank = no title shown)."
"Legend","legend.position","bottom","","Placement of the legend on the plot."
"Theme","theme.base","theme_bw","","Base ggplot theme."
"Theme","panel.grid.major","blank","","Major gridlines - removed."
"Theme","panel.grid.minor","blank","","Minor gridlines - removed."
"Theme","strip.background","blank","","Background box behind each facet panel's title strip - removed."
"Theme","plot.title.hjust","0","","Horizontal justification of the plot title (0 = left-aligned)."
"Theme","panel.border.linewidth","0.5","","Line width of the border box drawn around each facet panel - matches theme_bw()'s own built-in default so nothing changes visually unless edited. Also reused directly for the Midnight reference line's linewidth, per Josh, so the two always match exactly."
"Other","time.zone","America/New_York","","Time zone used to render detection times for the plot."
"Species / panel selection","spp.plot","40khzmyo;All detections;Big brown bat;Eastern red bat;Hoary bat;Silver-haired bat;Eastern small-footed myotis;Little brown bat;Northern long-eared bat;Tricolored bat","","Species (plus 40khzmyo) included anywhere in the plot; semicolon-separated."
"Species / panel selection","facpan","All detections;Big brown bat;Eastern red bat;Hoary bat;Silver-haired bat;Eastern small-footed myotis;Little brown bat;Northern long-eared bat;Tricolored bat","","Species given their own facet panel; semicolon-separated."
"Panel order","plot.order","All detections;Big brown bat;Eastern red bat;Eastern small-footed myotis;Hoary bat;Little brown bat;Northern long-eared bat;Silver-haired bat;Tricolored bat","","The left-to-right, top-to-bottom order panels are drawn in the facet_wrap grid; semicolon-separated."
"Layer order","layer.order","Midnight;Dawn;Dusk;All detections;40kHzMyo","","The DRAWING order of the distinct geom layers within each panel, bottom-most first, top-most (frontmost) last; semicolon-separated."
"Save / export","ggsave.dpi","300","","Resolution of the saved PNG."
"Save / export","ggsave.units","in","","Units for the saved plot's width/height."
"Save / export","ggsave.width.pad","0.5","","Inches added to the computed panel width when saving (ggsave width = plwid + this value)."
"Save / export","ggsave.height.pad","1","","Inches added to the computed panel height when saving (ggsave height = plhgt + this value)."
"Save / export","output.filename.pattern","Earliest and latest bat calls detected at <ARU> between <date.start> and <date.end> <timestamp>.png","","Output PNG file name pattern, with <ARU>/<date.start>/<date.end>/<timestamp> as placeholders. (Corrected 2026-08-27, per Josh: was ""Earlies and lastest ball calls"" - a typo flagged when this file was first built, now fixed at Josh's explicit request.) DEPRECATED as of Josh's nineteenth follow-up (2026-09-16) - no longer read; the saved file name is now always ""<project.name>_<site>_<timestamp>.png""."
